job_id,first_seen,last_seen,snapshots,off_time,est_restore,customers_max,customers_last,cause,event_status,incident_type,device_type,service_center,storm_mode,lat,lon
NE26093000850,2026-10-01T02:20:22Z,2026-10-01T02:27:15Z,2,2026-09-30T18:56:54Z,2026-10-01T03:30:00Z,14,14,Equipment problem,In Progres,OUTAGE,Device (I),LAP,NORMAL,43.21853,-83.4314
NE26093001182,2026-10-01T02:20:22Z,2026-10-01T02:27:15Z,2,2026-09-30T23:52:27Z,2026-10-01T04:25:00Z,27,27,Equipment problem,In Progres,OUTAGE,Service Transformer,MTC,NORMAL,42.44901,-83.05162
NE26093001183,2026-10-01T02:20:22Z,2026-10-01T02:27:15Z,2,2026-09-30T23:52:30Z,2026-10-01T04:25:00Z,1,1,Determined upon crew arrival,In Progres,OUTAGE,Single Customer,MTC,NORMAL,42.44838,-83.05242
NE26093001185,2026-10-01T02:20:22Z,2026-10-01T02:27:15Z,2,2026-09-30T23:52:30Z,2026-10-01T04:30:00Z,1,1,Determined upon crew arrival,In Progres,OUTAGE,Single Customer,MTC,NORMAL,42.45075,-83.0517
NE26093001191,2026-10-01T02:20:22Z,2026-10-01T02:27:15Z,2,2026-10-01T00:03:10Z,2026-10-01T04:40:00Z,1,1,Determined upon crew arrival,PC3 Verifi,OUTAGE,Single Customer,MTC,NORMAL,42.47575,-83.02467
NE26093001194,2026-10-01T02:20:22Z,2026-10-01T02:27:15Z,2,2026-10-01T00:13:47Z,2026-10-01T04:45:00Z,1,1,Determined upon crew arrival,PC3 Verifi,OUTAGE,Single Customer,MTC,NORMAL,42.46415,-83.08265
NE26093001221,2026-10-01T02:20:22Z,2026-10-01T02:27:15Z,2,2026-10-01T00:35:55Z,2026-10-01T05:05:00Z,1,1,Determined upon crew arrival,Pending,SERVICE DOWN NO,,MTC,NORMAL,42.45621,-82.97209
NE26093001228,2026-10-01T02:20:22Z,2026-10-01T02:27:15Z,2,2026-10-01T00:36:31Z,2026-10-01T05:10:00Z,116,116,Equipment problem,In Progres,OUTAGE,Device (I),MTC,NORMAL,42.63576,-82.94395
NE26093001242,2026-10-01T02:20:22Z,2026-10-01T02:27:15Z,2,2026-10-01T00:25:09Z,2026-10-01T05:15:00Z,1,1,Determined upon crew arrival,In Progres,OUTAGE,Single Customer,MTC,NORMAL,42.63566,-82.94535
NE26093001250,2026-10-01T02:20:22Z,2026-10-01T02:27:15Z,2,2026-10-01T00:55:02Z,2026-10-01T05:25:00Z,1,1,Determined upon crew arrival,PC3 Verifi,OUTAGE,Single Customer,MTC,NORMAL,42.57986,-82.89267
NE26093001267,2026-10-01T02:20:22Z,2026-10-01T02:27:15Z,2,2026-10-01T00:55:12Z,2026-10-01T05:15:00Z,1,1,Determined upon crew arrival,New,OUTAGE,Single Customer,MTC,NORMAL,42.63434,-82.9431
NE26093001276,2026-10-01T02:20:22Z,2026-10-01T02:27:15Z,2,2026-10-01T01:36:18Z,2026-10-01T06:05:00Z,1,1,Equipment problem,In Progres,OUTAGE,Single Customer,MAR,NORMAL,42.89765,-82.77406
NE26093001279,2026-10-01T02:20:22Z,2026-10-01T02:27:15Z,2,2026-10-01T01:08:46Z,2026-10-01T06:15:00Z,2,2,Determined upon crew arrival,In Progres,OUTAGE,Service Transformer,LAP,NORMAL,43.22988,-83.68675
NE26093001285,2026-10-01T02:20:22Z,2026-10-01T02:27:15Z,2,2026-10-01T02:05:42Z,2026-10-01T06:35:00Z,1,1,Determined upon crew arrival,New,OUTAGE,Single Customer,MTC,NORMAL,42.51048,-82.98354
NW26093000468,2026-10-01T02:20:22Z,2026-10-01T02:27:15Z,2,2026-09-30T14:55:59Z,2026-10-01T07:25:00Z,1,1,Equipment problem,Pending,OUTAGE,Single Customer,HWL,NORMAL,42.55097,-84.11296
NW26093000788,2026-10-01T02:20:22Z,2026-10-01T02:27:15Z,2,2026-09-30T18:03:14Z,2026-10-01T10:35:00Z,1,1,Equipment problem,In Progres,OUTAGE,Single Customer,HWL,NORMAL,42.61741,-84.35028
NW26093000796,2026-10-01T02:20:22Z,2026-10-01T02:27:15Z,2,2026-09-30T18:00:42Z,2026-10-01T10:35:00Z,1,1,Equipment problem,In Progres,OUTAGE,Single Customer,PON,NORMAL,42.64119,-83.48878
NW26093001070,2026-10-01T02:20:22Z,2026-10-01T02:27:15Z,2,2026-09-30T21:53:17Z,2026-10-01T02:25:00Z,2,2,Determined upon crew arrival,In Progres,OUTAGE,Service Secondary,HWL,NORMAL,42.446,-83.73901
NW26093001121,2026-10-01T02:20:22Z,2026-10-01T02:27:15Z,2,2026-09-30T23:04:11Z,2026-10-01T03:35:00Z,1,1,Determined upon crew arrival,PC3 Verifi,OUTAGE,Single Customer,PON,NORMAL,42.81916,-83.34747
NW26093001172,2026-10-01T02:20:22Z,2026-10-01T02:27:15Z,2,2026-09-30T23:40:18Z,2026-10-01T04:10:00Z,1,1,Determined upon crew arrival,PC3 Verifi,OUTAGE,Single Customer,PON,NORMAL,42.66161,-83.50475
NW26093001210,2026-10-01T02:20:22Z,2026-10-01T02:27:15Z,2,2026-10-01T00:29:37Z,2026-10-01T05:00:00Z,1,1,Equipment problem,In Progres,OUTAGE,Single Customer,SBY,NORMAL,42.54444,-82.98079
SE26092901380,2026-10-01T02:20:22Z,2026-10-01T02:27:15Z,2,2026-09-29T22:47:17Z,2026-10-01T04:40:00Z,1,1,Determined upon crew arrival,In Progres,OUTAGE,Single Customer,RFD,NORMAL,42.47495,-83.10919
SE26093000497,2026-10-01T02:20:22Z,2026-10-01T02:27:15Z,2,2026-09-30T14:57:10Z,2026-10-01T07:40:00Z,1,1,Determined upon crew arrival,In Progres,OUTAGE,Single Customer,RFD,NORMAL,42.27539,-83.1267
SE26093000710,2026-10-01T02:20:22Z,2026-10-01T02:27:15Z,2,2026-09-30T17:12:33Z,2026-10-01T09:45:00Z,1,1,Equipment problem,In Progres,OUTAGE,Single Customer,CAN,NORMAL,42.36815,-83.11734
SE26093000953,2026-10-01T02:20:22Z,2026-10-01T02:27:15Z,2,2026-09-28T16:19:19Z,2026-10-01T13:05:00Z,1,1,Equipment problem,Pending,OUTAGE,Single Customer,CAN,NORMAL,42.44925,-82.88681
SE26093000972,2026-10-01T02:20:22Z,2026-10-01T02:27:15Z,2,2026-09-30T20:51:52Z,2026-10-01T13:20:00Z,1,1,Determined upon crew arrival,Pending,OUTAGE,Single Customer,CAN,NORMAL,42.43284,-82.95536
SE26093001068,2026-10-01T02:20:22Z,2026-10-01T02:27:15Z,2,2026-09-30T23:17:45Z,2026-10-01T02:20:00Z,907,907,Equipment problem,In Progres,OUTAGE,Circuit Level,RFD,NORMAL,42.52878,-83.15598
SE26093001096,2026-10-01T02:20:22Z,2026-10-01T02:27:15Z,2,2026-09-30T20:37:18Z,2026-10-01T03:05:00Z,1,1,Equipment problem,Pending,OUTAGE,Single Customer,RFD,NORMAL,42.39201,-83.25576
SE26093001106,2026-10-01T02:20:22Z,2026-10-01T02:27:15Z,2,2026-09-30T22:38:29Z,2026-10-01T03:10:00Z,1,1,Determined upon crew arrival,In Progres,OUTAGE,Single Customer,RFD,NORMAL,42.32434,-83.26793
SE26093001158,2026-10-01T02:20:22Z,2026-10-01T02:27:15Z,2,2026-09-30T23:26:39Z,2026-10-01T03:55:00Z,1,1,Determined upon crew arrival,In Progres,PRIORITY,,RFD,NORMAL,42.53232,-83.15435
SE26093001159,2026-10-01T02:20:22Z,2026-10-01T02:27:15Z,2,2026-09-30T23:17:50Z,2026-10-01T03:55:00Z,1,1,Determined upon crew arrival,PC3 Verifi,OUTAGE,Single Customer,RFD,NORMAL,42.53234,-83.15315
SE26093001198,2026-10-01T02:20:22Z,2026-10-01T02:27:15Z,2,2026-09-30T21:49:42Z,2026-10-01T02:20:00Z,1,1,Equipment problem,In Progres,OUTAGE,Single Customer,RFD,NORMAL,42.52851,-83.15935
SE26093001236,2026-10-01T02:20:22Z,2026-10-01T02:27:15Z,2,2026-09-30T21:36:01Z,2026-10-01T05:15:00Z,1,1,Determined upon crew arrival,In Progres,OUTAGE,Single Customer,CAN,NORMAL,42.36354,-82.94061
SE26093001255,2026-10-01T02:20:22Z,2026-10-01T02:27:15Z,2,2026-10-01T00:59:40Z,2026-10-01T05:30:00Z,1,1,Determined upon crew arrival,New,OUTAGE,Single Customer,RFD,NORMAL,42.52749,-83.29128
SE26093001257,2026-10-01T02:20:22Z,2026-10-01T02:27:15Z,2,2026-10-01T01:00:17Z,2026-10-01T05:30:00Z,1,1,Determined upon crew arrival,PC3 Verifi,OUTAGE,Single Customer,RFD,NORMAL,42.43068,-83.16575
SE26093001263,2026-10-01T02:20:22Z,2026-10-01T02:27:15Z,2,2026-09-30T22:19:29Z,2026-10-01T05:45:00Z,1,1,Determined upon crew arrival,New,OUTAGE,Single Customer,RFD,NORMAL,42.3029,-83.15193
SE26093001266,2026-10-01T02:20:22Z,2026-10-01T02:27:15Z,2,2026-10-01T01:20:58Z,2026-10-01T05:50:00Z,1,1,Determined upon crew arrival,PC3 Verifi,OUTAGE,Single Customer,RFD,NORMAL,42.51907,-83.16746
SW26093001102,2026-10-01T02:20:22Z,2026-10-01T02:27:15Z,2,2026-09-30T21:25:12Z,2026-10-01T05:55:00Z,7,7,Determined upon crew arrival,In Progres,OUTAGE,Device (I),ANN,NORMAL,42.31939,-83.66912
SW26093001124,2026-10-01T02:20:22Z,2026-10-01T02:27:15Z,2,2026-09-30T23:12:19Z,2026-10-01T03:40:00Z,1,1,Determined upon crew arrival,Pending,OUTAGE,Single Customer,WWS,NORMAL,42.335,-83.43227
SW26093001199,2026-10-01T02:20:22Z,2026-10-01T02:27:15Z,2,2026-10-01T00:04:24Z,2026-10-01T04:50:00Z,1,1,Determined upon crew arrival,PC3 Verifi,OUTAGE,Single Customer,ANN,NORMAL,42.25218,-83.59429
SW26093001260,2026-10-01T02:20:22Z,2026-10-01T02:27:15Z,2,2026-10-01T00:54:56Z,2026-10-01T05:40:00Z,4,4,Equipment problem,In Progres,OUTAGE,Service Transformer,WWS,NORMAL,42.3659,-83.43843
SW26093001262,2026-10-01T02:20:22Z,2026-10-01T02:27:15Z,2,2026-10-01T01:03:16Z,2026-10-01T05:45:00Z,2,2,Determined upon crew arrival,New,OUTAGE,Service Transformer,WWS,NORMAL,42.20025,-83.27212
SW26093001277,2026-10-01T02:20:22Z,2026-10-01T02:27:15Z,2,2026-10-01T01:38:50Z,2026-10-01T06:10:00Z,1,1,Determined upon crew arrival,New,OUTAGE,Single Customer,ANN,NORMAL,42.41983,-84.00698
